<?xml version="1.0" encoding="UTF-8"?>
<beans xmlns="http://www.springframework.org/schema/beans"
       xmlns:xsi="http://www.w3.org/2001/XMLSchema-instance" xmlns:p="http://www.springframework.org/schema/p"
       xmlns:context="http://www.springframework.org/schema/context" xmlns:tx="http://www.springframework.org/schema/tx"
       xmlns:aop="http://www.springframework.org/schema/aop" xmlns:mvc="http://www.springframework.org/schema/mvc"
       xmlns:task="http://www.springframework.org/schema/task"
       xsi:schemaLocation="http://www.springframework.org/schema/beans http://www.springframework.org/schema/beans/spring-beans-3.0.xsd
				http://www.springframework.org/schema/context http://www.springframework.org/schema/context/spring-context-3.0.xsd
				http://www.springframework.org/schema/tx http://www.springframework.org/schema/tx/spring-tx-3.0.xsd
				http://www.springframework.org/schema/aop  
            	http://www.springframework.org/schema/aop/spring-aop-3.0.xsd
            	http://www.springframework.org/schema/mvc   
           		http://www.springframework.org/schema/mvc/spring-mvc-3.0.xsd http://www.springframework.org/schema/task http://www.springframework.org/schema/task/spring-task.xsd">


    <context:component-scan base-package="com.entgroup.adms.service"
                            name-generator="com.entgroup.adms.aop.ServiceNameGenerator"/>

    <context:component-scan base-package="com.entgroup.adms.resource.schedule"/>
    <context:component-scan base-package="com.entgroup.adms.resource.handler"/>


    <aop:aspectj-autoproxy/>
    <task:annotation-driven/>
    <tx:annotation-driven transaction-manager="transactionManager"
                          proxy-target-class="true"/>
    <import resource="classpath:spring-mybatis-web.xml"/>
    <import resource="classpath:spring-redis.xml"/>
    <import resource="classpath:spring-cache.xml"/>
</beans>