<?xml version="1.0" encoding="UTF-8"?>
<beans xmlns="http://www.springframework.org/schema/beans"
       xmlns:xsi="http://www.w3.org/2001/XMLSchema-instance"
       xmlns:context="http://www.springframework.org/schema/context"
       xmlns:mvc="http://www.springframework.org/schema/mvc"
       xsi:schemaLocation="http://www.springframework.org/schema/beans
       http://www.springframework.org/schema/beans/spring-beans.xsd
       http://www.springframework.org/schema/mvc
       http://www.springframework.org/schema/mvc/spring-mvc.xsd
       http://www.springframework.org/schema/context
       http://www.springframework.org/schema/context/spring-context.xsd">

    <mvc:default-servlet-handler/>

    <context:component-scan base-package="com.entgroup.adms.aop"/>
    <context:component-scan base-package="com.entgroup.adms.resource.request" />

    <mvc:annotation-driven>
        <mvc:message-converters>
            <ref bean="stringHttpMessageConverter"/>
            <ref bean="marshallingHttpMessageConverter"/>
            <ref bean="mappingJackson2HttpMessageConverter"/>
        </mvc:message-converters>
    </mvc:annotation-driven>


    <bean id="stringHttpMessageConverter"
          class="org.springframework.http.converter.StringHttpMessageConverter"/>

    <bean id="marshallingHttpMessageConverter"
          class="org.springframework.http.converter.xml.MarshallingHttpMessageConverter">
        <property name="marshaller" ref="castorMarshaller"/>
        <property name="unmarshaller" ref="castorMarshaller"/>
    </bean>

    <bean id="mappingJackson2HttpMessageConverter"
          class="org.springframework.http.converter.json.MappingJackson2HttpMessageConverter">
        <property name="supportedMediaTypes">
            <list>
                <value>application/json</value>
                <value>application/xml</value>
                <value>text/html</value>
                <value>text/plain</value>
                <value>text/xml</value>
            </list>
        </property>
    </bean>

    <bean id="castorMarshaller" class="org.springframework.oxm.castor.CastorMarshaller"/>
    <!--信息转换 - 结束 -->

    <bean id="contentNegotiationManagerFactoryBean"
          class="org.springframework.web.accept.ContentNegotiationManagerFactoryBean">
        <property name="defaultContentType" value="text/html"/>
        <property name="ignoreAcceptHeader" value="true"/>
        <property name="favorPathExtension" value="true"/>
        <property name="favorParameter" value="false"/>
        <property name="mediaTypes">
            <map>
                <entry key="atom" value="application/atom+xml"/>
                <entry key="html" value="text/html"/>
                <entry key="json" value="application/json"/>
            </map>
        </property>
    </bean>


    <bean
            class="org.springframework.web.servlet.view.ContentNegotiatingViewResolver">
        <property name="contentNegotiationManager">
            <bean
                    class="org.springframework.web.accept.ContentNegotiationManagerFactoryBean">
                <property name="defaultContentType" value="text/html"/>
                <property name="mediaTypes">
                    <map>
                        <entry key="json" value="application/json"/>
                        <entry key="xml" value="application/xml"/>
                        <entry key="html" value="text/html"/>
                    </map>
                </property>
            </bean>
        </property>
        <property name="viewResolvers">
            <list>
                <bean
                        class="org.springframework.web.servlet.view.InternalResourceViewResolver">
                    <property name="viewClass"
                              value="org.springframework.web.servlet.view.JstlView"/>
                    <property name="contentType" value="text/html"/>
                    <property name="prefix" value="/WEB-INF/view/"/>
                    <property name="suffix" value=".jsp"/>
                </bean>
            </list>
        </property>
        <property name="defaultViews">
            <list>
                <bean
                        class="org.springframework.web.servlet.view.json.MappingJackson2JsonView"/>
                <bean class="org.springframework.web.servlet.view.xml.MarshallingView">
                    <property name="marshaller" ref="castorMarshaller"/>
                </bean>
            </list>
        </property>
    </bean>

</beans>