<?xml version="1.0" encoding="UTF-8"?>
<beans xmlns="http://www.springframework.org/schema/beans"
       xmlns:xsi="http://www.w3.org/2001/XMLSchema-instance"
       xmlns:p="http://www.springframework.org/schema/p"
       xmlns:context="http://www.springframework.org/schema/context"
       xsi:schemaLocation="http://www.springframework.org/schema/beans http://www.springframework.org/schema/beans/spring-beans.xsd
       http://www.springframework.org/schema/context http://www.springframework.org/schema/context/spring-context-3.0.xsd">

       <context:property-placeholder ignore-unresolvable="false" order="2" location="classpath:redis.properties"/>
       <bean id="poolConfig" class="redis.clients.jedis.JedisPoolConfig">
              <property name="maxIdle" value="${redis.maxIdle}"/>
              <property name="maxTotal" value="${redis.maxTotal}"/>
              <property name="maxWaitMillis" value="${redis.maxWaitMillis}"/>
              <property name="testOnBorrow" value="${redis.testOnBorrow}"/>
       </bean>
       <bean id="connectionFactory" class="org.springframework.data.redis.connection.jedis.JedisConnectionFactory"
             p:hostName="${redis.host}" p:port="${redis.port}" p:password="${redis.pwd}" p:poolConfig-ref="poolConfig"/>

       <bean id="redisTemplate" class="org.springframework.data.redis.core.StringRedisTemplate">
              <property name="connectionFactory" ref="connectionFactory"/>
       </bean>
</beans>