<?xml version="1.0" encoding="UTF-8"?>
<!DOCTYPE mapper PUBLIC "-//mybatis.org//DTD Mapper 3.0//EN" "http://mybatis.org/dtd/mybatis-3-mapper.dtd">
<mapper namespace="com.entgroup.adms.mapper.AdDisplayCountMapper">

	<!-- 通用查询映射结果 -->
	<resultMap id="BaseResultMap" type="com.entgroup.adms.model.system.AdDisplayCount">
		<id column="id" property="id" />
		<result column="order_id" property="orderId" />
		<result column="ad_id" property="adId" />
		<result column="program_id" property="programId" />
		<result column="show_count" property="showCount" />
		<result column="user_count" property="userCount" />
		<result column="day_time" property="dayTime" />
		<result column="created" property="created" />
		<result property="totalprice" column="order_totalprice" />
	</resultMap>

	<!-- 通用查询结果列 -->
	<sql id="Base_Column_List">
		id, order_id AS orderId, ad_id AS adId, program_id AS
		programId,
		show_count AS showCount,
		user_count AS userCount,day_time AS
		dayTime, created
	</sql>

	<resultMap type="com.entgroup.adms.dto.DisplayCountDTO" id="DisResultMap">
		<result column="order_id" property="orderId" />
		<result column="ad_id" property="adId" />
		<result column="program_id" property="programId" />
		<result column="show_count" property="showCount" />
		<result column="user_count" property="userCount" />
		<result column="style_price" property="adStylePrice" />
		<result column="program_price" property="programPrice" />
		<result column="day_time" property="dayTime" />
		<result column="order_totalprice" property="orderTotalPrice" />
		<result property="adName" column="ad_name" />
		<result property="adStyleName" column="style_name" />
		<result property="adStyleId" column="style_id" />
		<result property="companyId" column="company_id" />
		<result property="companyName" column="company_name" />
		<result property="totalShowCount" column="totalshowcount" />
		<result property="totalUserCount" column="totalusercount" />
		<result property="sumShowCount" column="sumshowcount" />
		<result property="sumUserCount" column="sumusercount" />
		<result property="slotId" column="slot_id" />
		<result property="countId" column="count_id" />
		<result column="mshow_count" property="mShowCount" />
		<result column="muser_count" property="mUserCount" />
	</resultMap>
	<!-- 获取昨天订单消费金额 开始 * -->

	<select id="staOrderCosumeList" resultMap="DisResultMap"
		parameterType="java.lang.String">
		SELECT
		sadc.`order_id`,
		sadc.`ad_id`,
		sadc.`program_id`,
		sadc.`show_count`,
		sadc.`day_time`,
		sc.`id` AS company_id,
		sc.`company_name`,
		SUM(
		sadc.`show_count` * (sast.`price` / sast.`price_unit`) * spl.`price` *
		spp.`price_factor`
		) order_totalprice
		FROM
		sys_ad_display_count sadc
		LEFT JOIN sys_ad sa
		ON sadc.`ad_id` = sa.`id`
		LEFT JOIN sys_ad_style sast
		ON sast.`id` = sa.`style_id`
		LEFT JOIN sys_program sp
		ON sadc.`program_id` = sp.`id`
		LEFT JOIN sys_program_level spl
		ON sp.`level_id` = spl.`id`
		LEFT JOIN sys_company sc
		ON sp.`company_id` = sc.`id`
		LEFT JOIN sys_platform_price spp
		ON spp.`company_id` = sp.`company_id`
		AND spp.`level_id` = sp.`level_id`
		WHERE sc.`company_type` = 1
		AND sc.`deleted` = 0
		AND spp.`deleted` = 0
		AND sadc.`day_time` = #{beforeDay}
		GROUP BY sadc.`order_id`
	</select>
	<!-- 获取昨天订单消费金额 结束 -->


	<!-- 根据公司id查询 广告的曝光量 excel开始 -->
	<select id="selectAdAndCount" resultMap="DisResultMap"
		parameterType="java.lang.String">
		SELECT
		a.`ad_name`,
		a.`slot_id` AS slot_id,
		a.`ad_id` AS ad_id,
		a.count_id AS count_id,
		a.`company_id` AS company_id,
		a.`order_id` AS
		order_id,
		a.`ad_name` AS ad_name,
		a.`style_id` AS style_id,
		a.`style_name` AS style_name,
		a.`company_name` AS company_name,
		a.`show_count` AS show_count,
		a.`user_count` AS user_count
		FROM
		(SELECT
		b.`slot_id` AS slot_id,
		b.`ad_id` AS ad_id,
		'' AS
		count_id,
		b.`company_id` AS company_id,
		b.`order_id` AS order_id,
		b.`ad_name` AS
		ad_name,
		b.`style_id` AS style_id,
		b.`style_name` AS
		style_name,
		b.`company_name` AS company_name,
		'' AS show_count,
		'' AS
		user_count,
		''
		AS day_time
		FROM
		(SELECT
		sys_ad_slot.`id` AS slot_id,
		sys_ad_slot.`ad_id`
		AS ad_id,
		sys_ad.`company_id` AS company_id,
		sys_order_ad.`order_id` AS
		order_id,
		sys_ad.`name` AS ad_name,
		sys_ad_style.`id` AS style_id,
		sys_ad_style.`name` AS style_name,
		sys_company.`company_name` AS
		company_name,
		COUNT(sys_ad_display_count.`ad_id`) AS dis_count
		FROM
		sys_ad
		RIGHT JOIN
		sys_ad_slot
		ON sys_ad_slot.`ad_id` =
		sys_ad.`id`
		LEFT
		JOIN sys_order_ad
		ON
		sys_order_ad.`ad_id` = sys_ad.`id`
		LEFT JOIN
		sys_ad_style
		ON
		sys_ad_style.`id` = sys_ad.`style_id`
		LEFT
		JOIN
		sys_company
		ON
		sys_ad.`company_id` = sys_company.`id`
		LEFT JOIN
		sys_ad_display_count
		ON
		sys_ad_display_count.`ad_id` = sys_ad.`id`
		AND
		sys_ad_display_count.`order_id` = sys_order_ad.`order_id`
		<where>
			sys_ad.`status` = 2
			<if test="companyId!=null">
				and sys_ad.`company_id`=#{companyId}
			</if>
			<if test="adOrderId!=null">
				AND sys_order_ad.`order_id` = #{adOrderId}
			</if>
			<if test="adId!=null">
				and sys_ad.`id`=#{adId}
			</if>
			<if test="adStyleId!=null">
				and sys_ad.`style_id`=#{adStyleId}
			</if>
		</where>
		GROUP BY sys_ad_slot.`ad_id`,
		sys_order_ad.`order_id`) b
		WHERE
		b.`dis_count` = 0
		UNION
		ALL
		SELECT
		'' AS slot_id,
		'' AS ad_id,
		sadc.`id` AS
		count_id,
		sc.`id` AS
		company_id,
		sadc.`order_id`
		AS order_id,
		sa.`name` AS
		ad_name,
		sas.`id`
		AS style_id,
		sas.`name` AS
		style_name,
		sc.`company_name`,
		SUM(sadc.`show_count`) AS show_count,
		SUM(sadc.`user_count`) AS
		user_count,
		sadc.`day_time`
		FROM
		sys_ad_display_count sadc
		LEFT JOIN sys_ad sa
		ON
		sadc.`ad_id` = sa.`id`
		LEFT JOIN sys_ad_style sas
		ON sa.`style_id` =
		sas.`id`
		LEFT JOIN
		sys_company sc
		ON sa.`company_id` = sc.`id`
		<where>
			sa.`status` = 2
			<if test="companyId!=null">
				and sa.`company_id`=#{companyId}
			</if>
			<if test="adOrderId!=null">
				AND sadc.`order_id` = #{adOrderId}
			</if>
			<if test="adId!=null">
				and sadc.`ad_id`=#{adId}
			</if>
			<if test="adStyleId!=null">
				and sas.`id`=#{adStyleId}
			</if>
			<if test="beforeDay!=null">
				and sadc.`day_time` between #{beforeDay} and now()
			</if>
		</where>
		GROUP BY sa.`company_id`,
		sadc.`ad_id`,
		sadc.`order_id`) a
		GROUP BY
		a.`slot_id`,
		a.`ad_id`,
		a.`style_id`,
		a.`order_id`
		ORDER BY day_time
	</select>
	<!-- 根据公司id查询 广告的曝光量 结束 -->

	<!-- 生成统计折线图 开始 guofei -->

	<select id="selectCountForLine" parameterType="java.lang.String"
		resultMap="DisResultMap">
		SELECT
		sadc.`day_time`,
		SUM(sadc.`show_count`) sumshowcount,
		SUM(sadc.`user_count`) sumusercount
		FROM
		sys_ad_display_count sadc
		LEFT
		JOIN sys_ad sa
		ON sadc.`ad_id` = sa.`id`
		LEFT JOIN sys_ad_style sas
		ON
		sa.`style_id` = sas.`id`
		LEFT JOIN sys_company sc
		ON sa.`company_id` =
		sc.`id`
		<where>
			sa.`status`=2
			<if test="companyId!=null">
				and sa.`company_id`=#{companyId}
			</if>
			<if test="adOrderId!=null">
				and sadc.`order_id`=#{adOrderId}
			</if>
			<if test="adId!=null">
				and sadc.`ad_id`=#{adId}
			</if>
			<if test="adStyleId!=null">
				and sas.`id`=#{adStyleId}
			</if>
			<if test="beforeDay!=null">
				and sadc.`day_time` between #{beforeDay} and now()
			</if>
		</where>
		GROUP BY sadc.`day_time`
		ORDER BY sadc.`day_time` desc;

	</select>
	<!-- 生成统计折线图 结束guofei -->
	<!-- 根据公司id查询 广告的曝光量 分页 开始 -->
	<select id="selectAdAndCountPage" resultMap="DisResultMap"
		parameterType="java.lang.String">
		SELECT
		a.`ad_name`,
		a.`slot_id` AS slot_id,
		a.`ad_id` AS ad_id,
		a.count_id AS count_id,
		a.`company_id` AS company_id,
		a.`order_id` AS
		order_id,
		a.`ad_name` AS ad_name,
		a.`style_id` AS style_id,
		a.`style_name` AS style_name,
		a.`company_name` AS company_name,
		a.`show_count` AS show_count,
		a.`user_count` AS user_count
		FROM
		(SELECT
		b.`slot_id` AS slot_id,
		b.`ad_id` AS ad_id,
		'' AS
		count_id,
		b.`company_id` AS company_id,
		b.`order_id` AS order_id,
		b.`ad_name` AS
		ad_name,
		b.`style_id` AS style_id,
		b.`style_name` AS
		style_name,
		b.`company_name` AS company_name,
		'' AS show_count,
		'' AS
		user_count,
		''
		AS day_time
		FROM
		(SELECT
		sys_ad_slot.`id` AS slot_id,
		sys_ad_slot.`ad_id`
		AS ad_id,
		sys_ad.`company_id` AS company_id,
		sys_order_ad.`order_id` AS
		order_id,
		sys_ad.`name` AS ad_name,
		sys_ad_style.`id` AS style_id,
		sys_ad_style.`name` AS style_name,
		sys_company.`company_name` AS
		company_name,
		COUNT(sys_ad_display_count.`ad_id`) AS dis_count
		FROM
		sys_ad
		RIGHT JOIN
		sys_ad_slot
		ON sys_ad_slot.`ad_id` =
		sys_ad.`id`
		LEFT
		JOIN sys_order_ad
		ON
		sys_order_ad.`ad_id` = sys_ad.`id`
		LEFT JOIN
		sys_ad_style
		ON
		sys_ad_style.`id` = sys_ad.`style_id`
		LEFT
		JOIN
		sys_company
		ON
		sys_ad.`company_id` = sys_company.`id`
		LEFT JOIN
		sys_ad_display_count
		ON
		sys_ad_display_count.`ad_id` = sys_ad.`id`
		AND
		sys_ad_display_count.`order_id` = sys_order_ad.`order_id`
		<where>
			sys_ad.`status` = 2
			<if test="companyId!=null">
				and sys_ad.`company_id`=#{companyId}
			</if>
			<if test="adOrderId!=null">
				AND sys_order_ad.`order_id` = #{adOrderId}
			</if>
			<if test="adId!=null">
				and sys_ad.`id`=#{adId}
			</if>
			<if test="adStyleId!=null">
				and sys_ad.`style_id`=#{adStyleId}
			</if>
		</where>
		GROUP BY sys_ad_slot.`ad_id`,
		sys_order_ad.`order_id`) b
		WHERE
		b.`dis_count` = 0
		UNION
		ALL
		SELECT
		'' AS slot_id,
		'' AS ad_id,
		sadc.`id` AS
		count_id,
		sc.`id` AS
		company_id,
		sadc.`order_id`
		AS order_id,
		sa.`name` AS
		ad_name,
		sas.`id`
		AS style_id,
		sas.`name` AS
		style_name,
		sc.`company_name`,
		SUM(sadc.`show_count`) AS show_count,
		SUM(sadc.`user_count`) AS
		user_count,
		sadc.`day_time`
		FROM
		sys_ad_display_count sadc
		LEFT JOIN sys_ad sa
		ON
		sadc.`ad_id` = sa.`id`
		LEFT JOIN sys_ad_style sas
		ON sa.`style_id` =
		sas.`id`
		LEFT JOIN
		sys_company sc
		ON sa.`company_id` = sc.`id`
		<where>
			sa.`status` = 2
			<if test="companyId!=null">
				and sa.`company_id`=#{companyId}
			</if>
			<if test="adOrderId!=null">
				AND sadc.`order_id` = #{adOrderId}
			</if>
			<if test="adId!=null">
				and sadc.`ad_id`=#{adId}
			</if>
			<if test="adStyleId!=null">
				and sas.`id`=#{adStyleId}
			</if>
			<if test="beforeDay!=null">
				and sadc.`day_time` between #{beforeDay} and now()
			</if>
		</where>
		GROUP BY sa.`company_id`,
		sadc.`ad_id`,
		sadc.`order_id`) a
		GROUP BY
		a.`slot_id`,
		a.`ad_id`,
		a.`style_id`,
		a.`order_id`
		ORDER BY day_time
	</select>
	<!-- 根据公司id查询 广告的曝光量 分页 结束 -->


	<!-- 查询公司在平台曝光量 分页 开始 -->
	<select id="selectCountPlatPage" resultMap="DisResultMap"
		parameterType="java.lang.String">
		SELECT
		a.`order_id`,
		a.`company_id`,
		a.`company_name`,
		'' AS
		totalshowcount,
		'' AS totalusercount
		FROM
		(SELECT
		sys_order_ad.`order_id`,
		sys_program.`company_id`,
		sys_company.`company_name`,
		sys_ad.`id` AS ad_id,
		sys_ad.`name` AS
		ad_name,
		COUNT(sys_ad_display_count.`ad_id`) AS dis_count
		FROM
		sys_order_ad
		LEFT JOIN sys_ad
		ON sys_order_ad.`ad_id` = sys_ad.`id`
		LEFT
		JOIN sys_ad_slot
		ON sys_ad.`id` = sys_ad_slot.`ad_id`
		LEFT JOIN
		sys_ad_style
		ON sys_ad.`style_id` = sys_ad_style.`id`
		LEFT JOIN
		sys_video
		ON sys_video.`id` = sys_ad_slot.`video_id`
		LEFT JOIN
		sys_program
		ON sys_program.`id` = sys_video.`program_id`
		LEFT JOIN
		sys_company
		ON sys_program.`company_id` = sys_company.`id`
		LEFT JOIN
		sys_ad_display_count
		ON sys_ad_display_count.`ad_id` = sys_ad.`id`
		AND
		sys_ad_display_count.`order_id` = sys_order_ad.`order_id`
		AND
		sys_program.`id` = sys_ad_display_count.`program_id`
		<where>
			sys_ad.`status` = 2
			AND sys_company.`company_type` = 1
			<if test="companyId!=null">
				AND sys_ad.`company_id`=#{companyId}
			</if>
			<if test="adOrderId!=null">
				AND sys_order_ad.`order_id` = #{adOrderId}
			</if>
			<if test="adId!=null">
				AND sys_ad.`style_id`=#{adId}
			</if>
			<if test="adStyleId!=null">
				AND sys_ad.`id`=#{adStyleId}
			</if>
		</where>
		GROUP BY sys_order_ad.`order_id`,
		sys_program.`company_id`) a
		WHERE
		a.`dis_count` = 0
		UNION
		ALL
		SELECT
		sadc.`order_id`,
		sc.`id` AS company_id,
		sc.`company_name`,
		SUM(sadc.`show_count`) as totalshowcount,
		SUM(sadc.`user_count`) as totalusercount
		FROM
		sys_ad_display_count sadc
		LEFT JOIN sys_program sp
		ON sadc.`program_id` = sp.`id`
		LEFT JOIN
		sys_company sc
		ON sp.`company_id` = sc.`id`
		LEFT JOIN sys_ad sa
		ON
		sa.`id` = sadc.`ad_id`
		WHERE sadc.`ad_id` IN
		(SELECT
		sys_ad.`id`
		FROM
		sys_ad
		LEFT JOIN sys_company
		ON sys_company.`id` = sys_ad.`company_id`
		LEFT JOIN sys_order_ad
		ON sys_order_ad.`ad_id` = sys_ad.`id`
		LEFT JOIN
		sys_ad_style
		ON sys_ad_style.`id` = sys_ad.`style_id`
		<where>
			sys_ad.`status` = 2
			<if test="companyId!=null">
				AND sys_company.`id`=#{companyId}
			</if>
			<if test="adOrderId!=null">
				AND sys_order_ad.`order_id` = #{adOrderId}
			</if>
			<if test="adId!=null">
				AND sys_ad.`style_id`=#{adId}
			</if>
			<if test="adStyleId!=null">
				AND sys_ad.`id`=#{adStyleId}
			</if>
		</where>

		)
		AND sa.`status` = 2
		AND sc.`company_type` = 1
		<if test="adOrderId!=null">
			AND sadc.`order_id` = #{adOrderId}
		</if>
		<if test="beforeDay!=null">
			and sadc.`day_time` between #{beforeDay} and now()
		</if>
		GROUP BY sc.`id`,
		sadc.`order_id`
	</select>
	<!-- 查询公司在平台曝光量 分页 结束 -->

	<!-- 查询公司在平台曝光量 导出excel 开始 -->
	<select id="selectCountForPlat" resultMap="DisResultMap"
		parameterType="java.lang.String">
		SELECT
		a.`order_id`,
		a.`company_id`,
		a.`company_name`,
		'' AS
		totalshowcount,
		'' AS totalusercount
		FROM
		(SELECT
		sys_order_ad.`order_id`,
		sys_program.`company_id`,
		sys_company.`company_name`,
		sys_ad.`id` AS ad_id,
		sys_ad.`name` AS
		ad_name,
		COUNT(sys_ad_display_count.`ad_id`) AS dis_count
		FROM
		sys_order_ad
		LEFT JOIN sys_ad
		ON sys_order_ad.`ad_id` = sys_ad.`id`
		LEFT
		JOIN sys_ad_slot
		ON sys_ad.`id` = sys_ad_slot.`ad_id`
		LEFT JOIN
		sys_ad_style
		ON sys_ad.`style_id` = sys_ad_style.`id`
		LEFT JOIN
		sys_video
		ON sys_video.`id` = sys_ad_slot.`video_id`
		LEFT JOIN
		sys_program
		ON sys_program.`id` = sys_video.`program_id`
		LEFT JOIN
		sys_company
		ON sys_program.`company_id` = sys_company.`id`
		LEFT JOIN
		sys_ad_display_count
		ON sys_ad_display_count.`ad_id` = sys_ad.`id`
		AND
		sys_ad_display_count.`order_id` = sys_order_ad.`order_id`
		AND
		sys_program.`id` = sys_ad_display_count.`program_id`
		<where>
			sys_ad.`status` = 2
			AND sys_company.`company_type` = 1
			<if test="companyId!=null">
				AND sys_ad.`company_id`=#{companyId}
			</if>
			<if test="adOrderId!=null">
				AND sys_order_ad.`order_id` = #{adOrderId}
			</if>
			<if test="adId!=null">
				AND sys_ad.`style_id`=#{adId}
			</if>
			<if test="adStyleId!=null">
				AND sys_ad.`id`=#{adStyleId}
			</if>
		</where>
		GROUP BY sys_order_ad.`order_id`,
		sys_program.`company_id`) a
		WHERE
		a.`dis_count` = 0
		UNION
		ALL
		SELECT
		sadc.`order_id`,
		sc.`id` AS company_id,
		sc.`company_name`,
		SUM(sadc.`show_count`) as totalshowcount,
		SUM(sadc.`user_count`) as totalusercount
		FROM
		sys_ad_display_count sadc
		LEFT JOIN sys_program sp
		ON sadc.`program_id` = sp.`id`
		LEFT JOIN
		sys_company sc
		ON sp.`company_id` = sc.`id`
		LEFT JOIN sys_ad sa
		ON
		sa.`id` = sadc.`ad_id`
		WHERE sadc.`ad_id` IN
		(SELECT
		sys_ad.`id`
		FROM
		sys_ad
		LEFT JOIN sys_company
		ON sys_company.`id` = sys_ad.`company_id`
		LEFT JOIN sys_order_ad
		ON sys_order_ad.`ad_id` = sys_ad.`id`
		LEFT JOIN
		sys_ad_style
		ON sys_ad_style.`id` = sys_ad.`style_id`
		<where>
			sys_ad.`status` = 2
			<if test="companyId!=null">
				AND sys_company.`id`=#{companyId}
			</if>
			<if test="adOrderId!=null">
				AND sys_order_ad.`order_id` = #{adOrderId}
			</if>
			<if test="adId!=null">
				AND sys_ad.`style_id`=#{adId}
			</if>
			<if test="adStyleId!=null">
				AND sys_ad.`id`=#{adStyleId}
			</if>
		</where>

		)
		AND sa.`status` = 2
		AND sc.`company_type` = 1
		<if test="adOrderId!=null">
			AND sadc.`order_id` = #{adOrderId}
		</if>
		<if test="beforeDay!=null">
			and sadc.`day_time` between #{beforeDay} and now()
		</if>
		GROUP BY sc.`id`,
		sadc.`order_id`
	</select>
	<!-- 查询公司在平台曝光量 导出excel 结束 -->
	<!-- 查询公司在平台曝光量饼图 开始 -->
	<select id="selectCountForPlatChart" resultMap="DisResultMap"
		parameterType="java.lang.String">
		SELECT b.`order_id`,
		b.`company_id`,
		b.`company_name`,
		SUM(b.`totalshowcount`) AS totalshowcount ,
		SUM(b.`totalusercount`) AS
		totalusercount
		FROM
		(SELECT
		a.`order_id`,
		a.`company_id`,
		a.`company_name`,
		'' AS
		totalshowcount,
		'' AS totalusercount
		FROM
		(SELECT
		sys_order_ad.`order_id`,
		sys_program.`company_id`,
		sys_company.`company_name`,
		sys_ad.`id` AS ad_id,
		sys_ad.`name` AS
		ad_name,
		COUNT(sys_ad_display_count.`ad_id`) AS dis_count
		FROM
		sys_order_ad
		LEFT JOIN sys_ad
		ON sys_order_ad.`ad_id` = sys_ad.`id`
		LEFT
		JOIN sys_ad_slot
		ON sys_ad.`id` = sys_ad_slot.`ad_id`
		LEFT JOIN
		sys_ad_style
		ON sys_ad.`style_id` = sys_ad_style.`id`
		LEFT JOIN
		sys_video
		ON sys_video.`id` = sys_ad_slot.`video_id`
		LEFT JOIN
		sys_program
		ON sys_program.`id` = sys_video.`program_id`
		LEFT JOIN
		sys_company
		ON sys_program.`company_id` = sys_company.`id`
		LEFT JOIN
		sys_ad_display_count
		ON sys_ad_display_count.`ad_id` = sys_ad.`id`
		AND
		sys_ad_display_count.`order_id` = sys_order_ad.`order_id`
		AND
		sys_program.`id` = sys_ad_display_count.`program_id`
		<where>
			sys_ad.`status` = 2
			AND sys_company.`company_type` = 1
			<if test="companyId!=null">
				AND sys_ad.`company_id`=#{companyId}
			</if>
			<if test="adOrderId!=null">
				AND sys_order_ad.`order_id` = #{adOrderId}
			</if>
			<if test="adId!=null">
				AND sys_ad.`style_id`=#{adId}
			</if>
			<if test="adStyleId!=null">
				AND sys_ad.`id`=#{adStyleId}
			</if>
		</where>
		GROUP BY sys_order_ad.`order_id`,
		sys_program.`company_id`) a
		WHERE
		a.`dis_count` = 0
		UNION
		ALL
		SELECT
		sadc.`order_id`,
		sc.`id` AS company_id,
		sc.`company_name`,
		SUM(sadc.`show_count`) as totalshowcount,
		SUM(sadc.`user_count`) as totalusercount
		FROM
		sys_ad_display_count sadc
		LEFT JOIN sys_program sp
		ON sadc.`program_id` = sp.`id`
		LEFT JOIN
		sys_company sc
		ON sp.`company_id` = sc.`id`
		LEFT JOIN sys_ad sa
		ON
		sa.`id` = sadc.`ad_id`
		WHERE sadc.`ad_id` IN
		(SELECT
		sys_ad.`id`
		FROM
		sys_ad
		LEFT JOIN sys_company
		ON sys_company.`id` = sys_ad.`company_id`
		LEFT JOIN sys_order_ad
		ON sys_order_ad.`ad_id` = sys_ad.`id`
		LEFT JOIN
		sys_ad_style
		ON sys_ad_style.`id` = sys_ad.`style_id`
		<where>
			sys_ad.`status` = 2
			<if test="companyId!=null">
				AND sys_company.`id`=#{companyId}
			</if>
			<if test="adOrderId!=null">
				AND sys_order_ad.`order_id` = #{adOrderId}
			</if>
			<if test="adId!=null">
				AND sys_ad.`style_id`=#{adId}
			</if>
			<if test="adStyleId!=null">
				AND sys_ad.`id`=#{adStyleId}
			</if>
		</where>

		)
		AND sa.`status` = 2
		AND sc.`company_type` = 1
		<if test="adOrderId!=null">
			AND sadc.`order_id` = #{adOrderId}
		</if>
		<if test="beforeDay!=null">
			and sadc.`day_time` between #{beforeDay} and now()
		</if>
		GROUP BY sc.`id`,
		sadc.`order_id`) AS b
		GROUP BY b.`company_id`
	</select>
	<!-- 查询公司在平台曝光量饼图 结束 -->
	<!-- 统计前一天的曝光量和用户量 开始 -->
	<select id="selectDisplayCount" resultMap="BaseResultMap"
		parameterType="java.lang.String">
		SELECT
		tem.`ad_id`,
		tem.`order_id`,
		tem.`program_id`,
		COUNT(DISTINCT tem.device_id) user_count,
		SUM(tem.show_count)
		show_count,
		NOW() created
		FROM
		(SELECT
		sadr.`ad_id`,
		sadr.`order_id`,
		sadr.`program_id`,
		sadr.`display_time`,
		sadr.`device_id`,
		COUNT(1) AS
		show_count
		FROM
		sys_ad_display_record sadr
		WHERE sadr.`display_time`
		&gt;=#{beforeDay}
		AND sadr.`display_time` &lt;#{nowDay}
		GROUP BY
		sadr.`ad_id`,
		sadr.`order_id`,
		sadr.`program_id`,
		sadr.`device_id`) AS
		tem
		GROUP BY tem.`ad_id`,
		tem.`order_id`,
		tem.`program_id`
	</select>
	<!-- 统计前一天的曝光量和用户量 结束 -->


	<!-- edited by mxy on 2017-04-19 16:14 begin -->
	<!--获取广告相关曝光信息（按日期统计） -->
	<select id="getAdCountList4Chart" resultMap="getAdCountList4ChartMap"
		parameterType="com.entgroup.adms.model.system.AdDisplayCount">
		SELECT
		addc.id,
		GROUP_CONCAT(DISTINCT addc.id) AS ids,
		SUM(addc.show_count) AS show_count,
		SUM(addc.user_count) AS user_count,
		addc.day_time,
		addc.order_id,
		ad.id AS ad_id,
		ad.name AS ad_name,
		ads.id
		AS ad_style_id,
		ads.name AS ad_style_name,
		com.id AS company_id,
		com.company_name,
		com.short_name
		FROM
		sys_ad_display_count addc
		LEFT JOIN
		sys_ad ad
		ON addc.ad_id = ad.id
		LEFT JOIN sys_ad_style ads
		ON ad.style_id
		= ads.id
		LEFT JOIN sys_company com
		ON ad.company_id = com.id
		<trim prefix="WHERE" prefixOverrides="AND |OR">
			ad.status = 2
			AND ad.order_online = 1
			<if test="companyId!=null">
				and ad.company_id=#{companyId}
			</if>
			<if test="adId!=null">
				and ad.id=#{adId}
			</if>
			<if test="adStyleId!=null">
				and ad.style_id=#{adStyleId}
			</if>
			<choose>
				<when test="tortTimeStart ==null and tortTimeEnd !=null">
					AND addc.day_time &lt; #{tortTimeEnd}
				</when>
				<when test="tortTimeStart !=null and tortTimeEnd ==null">
					AND addc.day_time &gt; #{tortTimeStart}
				</when>
				<when test="tortTimeStart !=null and tortTimeEnd !=null">
					AND addc.day_time between #{tortTimeStart} and
					#{tortTimeEnd}
				</when>
				<otherwise></otherwise>
			</choose>
		</trim>
		GROUP BY addc.day_time
	</select>
	<!--ORDER BY addc.day_time DESC -->
	<resultMap type="com.entgroup.adms.model.system.AdDisplayCount"
		id="getAdCountList4ChartMap" extends="BaseResultMap">
		<id column="id" property="id" />
		<result column="ids" property="ids" />
		<result column="order_id" property="orderId" />
		<result column="ad_id" property="adId" />
		<result column="show_count" property="showCount" />
		<result column="user_count" property="userCount" />
		<result column="day_time" property="dayTime" />
		<association property="ad" javaType="com.entgroup.adms.model.system.Ad">
			<id column="ad_id" property="id" />
			<result column="ad_name" property="name" />
		</association>
		<association property="adStyle"
			javaType="com.entgroup.adms.model.system.AdStyle">
			<id column="ad_style_id" property="id" />
			<result column="ad_style_name" property="name" />
		</association>
		<association property="company"
			javaType="com.entgroup.adms.model.system.Company">
			<id column="company_id" property="id" />
			<result column="company_name" property="companyName" />
			<result column="short_name" property="shortName" />
		</association>
	</resultMap>
	<!-- edited by mxy on 2017-04-19 16:37 end -->
</mapper>
