<?xml version="1.0" encoding="UTF-8"?>
<!DOCTYPE mapper PUBLIC "-//mybatis.org//DTD Mapper 3.0//EN" "http://mybatis.org/dtd/mybatis-3-mapper.dtd">
<mapper namespace="com.entgroup.adms.mapper.AdvertiserMapper">

    <!-- 通用查询映射结果 -->
    <resultMap id="BaseResultMap" type="com.entgroup.adms.model.system.Advertiser">
        <id column="id" property="id"/>
        <result column="name" property="name"/>
        <result column="short_name" property="shortName"/>
        <result column="status" property="status"/>
        <result column="company_vocation_id" property="companyVocationId"/>
        <result column="social_credit_code" property="socialCreditCode"/>
        <result column="monitoring_code" property="monitoringCode"/>
        <result column="business_license_image_path" property="businessLicenseImagePath"/>
        <result column="deleted" property="deleted"/>
        <result column="company_id" property="companyId"/>
        <result column="user_id" property="userId"/>
        <result column="created" property="created"/>
    </resultMap>

    <!-- 通用查询结果列 -->
    <sql id="Base_Column_List">
        id, name, short_name AS shortName, status, company_vocation_id AS companyVocationId, social_credit_code AS
        socialCreditCode, monitoring_code AS monitoringCode, business_license_image_path AS businessLicenseImagePath,
        deleted, company_id AS companyId, user_id AS userId, created
    </sql>
    <!-- edited by mxy on 2017-05-05 10:57 begin -->
    <!--根据获取广告主列表-->
    <select id="getAdvertiserList"
            resultMap="getAdvertiserListMap" parameterType="com.entgroup.adms.model.system.Advertiser">
        SELECT
        adv.*,
        vocation.name AS vname,
        company.company_name,
        company.short_name,
        user1.login_name
        FROM
        sys_advertiser adv
        LEFT JOIN sys_company_vocation vocation
        ON vocation.id = adv.company_vocation_id
        LEFT JOIN sys_company company
        ON company.id = adv.company_id
        LEFT JOIN sys_user user1
        ON user1.id = adv.user_id
        <trim prefix="WHERE" prefixOverrides="AND |OR">
            adv.deleted=0
            <if test="id !=null">
                AND adv.id = #{id}
            </if>
            <if test="name != null">
                AND adv.name LIKE '%${name}%'
            </if>
            <if test="statuses !=null">
                AND adv.status IN
                <foreach collection="statuses" item="id" open="(" close=")" separator=",">
                    #{status}
                </foreach>
            </if>
            <if test="ids !=null">
                AND adv.id IN
                <foreach collection="ids" item="id" open="(" close=")" separator=",">
                    #{id}
                </foreach>
            </if>
            <if test="companyVocationId !=null">
                AND adv.company_vocation_id = #{companyVocationId}
            </if>
            <if test="companyId !=null">
                AND adv.company_id = #{companyId}
            </if>
            <if test="userId !=null">
                AND adv.user_id = #{userId}
            </if>
        </trim>
    </select>
    <resultMap type="com.entgroup.adms.model.system.Advertiser" id="getAdvertiserListMap" extends="BaseResultMap">
        <id column="id" property="id"/>
        <association property="companyVocation" javaType="com.entgroup.adms.model.system.CompanyVocation">
            <id property="id" column="company_vocation_id"/>
            <result property="name" column="vname"/>
        </association>
        <association property="company" javaType="com.entgroup.adms.model.system.Company">
            <id property="id" column="company_id"/>
            <result property="companyName" column="company_name"/>
            <result property="shortName" column="short_name"/>
        </association>
        <association property="user" javaType="com.entgroup.adms.model.system.User">
            <id property="id" column="user_id"/>
            <result property="loginName" column="login_name"/>
        </association>
    </resultMap>
</mapper>
