<?xml version="1.0" encoding="UTF-8"?>
<!DOCTYPE mapper PUBLIC "-//mybatis.org//DTD Mapper 3.0//EN" "http://mybatis.org/dtd/mybatis-3-mapper.dtd">
<mapper namespace="com.entgroup.adms.mapper.AdClickRecordMapper">

	<!-- 通用查询映射结果 -->
	<resultMap id="BaseResultMap" type="com.entgroup.adms.model.system.AdClickRecord">
		<id column="id" property="id" />
		<result column="slot_id" property="slotId" />
		<result column="ad_id" property="adId" />
		<result column="program_id" property="programId" />
		<result column="device_id" property="deviceId" />
		<result column="click_time" property="clickTime" />
		<result column="device_platform" property="devicePlatform" />
		<result column="ip" property="ip" />
		<result column="device_type" property="deviceType" />
		<result column="order_id" property="orderId" />
	</resultMap>

    <!-- 通用查询结果列 -->
    <sql id="Base_Column_List">
        id, slot_id AS slotId, ad_id AS adId, program_id AS programId, device_id AS deviceId, click_time AS clickTime, device_platform AS devicePlatform, ip, device_type AS deviceType, order_id AS orderId
    </sql>
</mapper>
