<?xml version="1.0" encoding="UTF-8"?>
<!DOCTYPE mapper PUBLIC "-//mybatis.org//DTD Mapper 3.0//EN" "http://mybatis.org/dtd/mybatis-3-mapper.dtd">
<mapper namespace="com.entgroup.adms.mapper.AdOrderMapper">

	<!-- 通用查询映射结果 -->
	<resultMap id="BaseResultMap" type="com.entgroup.adms.model.system.AdOrder">
		<id column="id" property="id" />
		<result column="company_id" property="companyId" />
		<result column="ad_count" property="adCount" />
		<result column="slot_count" property="slotCount" />
		<result column="total_money" property="totalMoney" />
		<result column="cosume_money" property="cosumeMoney" />
		<result column="status" property="status" />
		<result column="created" property="created" />
	</resultMap>

	<!-- 通用查询结果列 -->
	<sql id="Base_Column_List">
		id, company_id AS companyId, ad_count AS adCount,
		slot_count AS
		slotCount, total_money AS totalMoney, cosume_money AS
		cosumeMoney,
		status, created
	</sql>


	<!-- 修改广告订单 的广告位总数 liuxiaolong -->
	<update id="updateAdOrderSlotCount" parameterType="java.lang.Long">
		UPDATE sys_ad_order ,sys_order_ad
		SET sys_ad_order.slot_count =
		sys_ad_order.slot_count+(SELECT
		COUNT(sys_ad_slot.`id`) FROM
		sys_ad_slot WHERE sys_ad_slot.`ad_id` =
		sys_order_ad.`ad_id` )
		<where>
			sys_ad_order.`id` = sys_order_ad.`order_id`
			and
			sys_order_ad.`ad_id`= #{adId}
		</where>
	</update>

	<!-- 获取订单列表 开始  guofei-->
	<resultMap type="com.entgroup.adms.dto.AdOrderListDTO" id="adOrderReusltMap">
		<id column="id" property="id" />
		<result column="company_id" property="companyId" />
		<result column="ad_count" property="adCount" />
		<result column="slot_count" property="slotCount" />
		<result column="total_money" property="totalMoney" />
		<result column="cosume_money" property="cosumeMoney" />
		<result column="status" property="status" />
		<result column="created" property="created" />
		<result column="company_name" property="companyName" />
	</resultMap>
	<select id="selectAdOrderPage" parameterType="java.lang.String"
		resultMap="adOrderReusltMap">
		SELECT
		sao.`id`,
		sao.`company_id`,
		sao.`ad_count`,
		sao.`slot_count`,
		sao.`total_money`,
		sao.`cosume_money`,
		sao.`status`,
		sao.`created`,
		sao.`remark`,
		sc.`company_name`
		FROM
		sys_ad_order sao
		LEFT JOIN
		sys_company sc
		ON sao.`company_id` = sc.`id`
		<where>
			<if test="companyId!=null">
				sao.`company_id` = #{companyId}
			</if>
			<if test="slotCount!=null">
				and sao.`slot_count` = #{slotCount}
			</if>
			<if test="status!=null">
				and sao.`status` = #{status}
			</if>
			<if test="proceed!=null">
				and sao.`slot_count`>0
			</if>
		</where>
		order by sao.`created` desc
	</select>

	<!-- 获取订单列表 结束 -->

	<!-- 添加订单 开始  guofei-->
	<insert id="insertAdOrder" parameterType="com.entgroup.adms.model.system.AdOrder">
		INSERT INTO sys_ad_order
		<trim prefix="(" suffix=")" suffixOverrides=",">
			<if test="id!=null">
				id,
			</if>
			<if test="companyId!=null">
				company_id,
			</if>
			<if test="adCount!=null">
				ad_count,
			</if>
			<if test="slotCount!=null">
				slot_count,
			</if>
			<if test="totalMoney!=null">
				total_money,
			</if>
			<if test="cosumeMoney!=null">
				cosume_money,
			</if>
			<if test="status!=null">
				`status`,
			</if>
			created,
			<if test="remark!=null">
				remark,
			</if>
		</trim>
		<trim prefix="values (" suffix=")" suffixOverrides=",">
			<if test="id!=null">
				#{id},
			</if>
			<if test="companyId!=null">
				#{companyId},
			</if>
			<if test="adCount!=null">
				#{adCount},
			</if>
			<if test="slotCount!=null">
				#{slotCount},
			</if>
			<if test="totalMoney!=null">
				#{totalMoney},
			</if>
			<if test="cosumeMoney!=null">
				#{cosumeMoney},
			</if>
			<if test="status!=null">
				#{status},
			</if>
			now(),
			<if test="remark!=null">
				#{remark},
			</if>
		</trim>
	</insert>
	<!-- 添加订单 结束 -->
	<!-- 统计页面获取订单下拉框 开始  guofei-->
	<resultMap type="com.entgroup.adms.dto.AdAndStyleByCompanyDTO"
		id="orderIdReusltMap">
		<id column="order_id" property="adOrderId" />
	</resultMap>
	<select id="selectOrderList" parameterType="java.lang.String"
		resultMap="orderIdReusltMap">
		SELECT sys_ad_order.`id` AS order_id
		FROM sys_ad_order
		<where>
			<if test="companyId!=null">
			sys_ad_order.`company_id`=#{companyId}
			</if>
		</where>
		ORDER BY sys_ad_order.`created` DESC
	</select>
	<!-- 统计页面获取订单下拉框 结束 -->


</mapper>
