<?xml version="1.0" encoding="UTF-8"?>
<!DOCTYPE mapper PUBLIC "-//mybatis.org//DTD Mapper 3.0//EN" "http://mybatis.org/dtd/mybatis-3-mapper.dtd">
<mapper namespace="com.entgroup.adms.mapper.PersonRecognitionResultMapper">

	<!-- 通用查询映射结果 -->
	<resultMap id="BaseResultMap" type="com.entgroup.adms.model.system.PersonRecognitionResult">
		<id column="id" property="id" />
		<result column="video_id" property="videoId" />
		<result column="video_position" property="videoPosition" />
		<result column="person_id" property="personId" />
		<result column="image_server" property="imageServer" />
		<result column="created" property="created" />
		<result column="selected" property="selected" />
	</resultMap>

    <!-- 通用查询结果列 -->
    <sql id="Base_Column_List">
        id, video_id AS videoId, video_position AS videoPosition, person_id AS personId, image_server AS imageServer, created, selected
    </sql>
	
	<!-- edited by mxy on 2017-03-20 20:52 begin -->
	<!--获取视频明星识别结果-->
	<select id="getPersonRecognitionResultList"
			resultMap="getPersonRecognitionResultListMap" parameterType="com.entgroup.adms.model.system.PersonRecognitionResult">
		SELECT
		prr.id,
		prr.video_position,
		prr.image_server,
		prr.created,
		video.id AS vid,
		video.name,
		person.id AS pid,
		person.name AS pname
		FROM
		(SELECT
		*
		FROM
		sys_person_recognition_result
		<trim prefix="WHERE" prefixOverrides="AND |OR">
			<if test="videoId != null">
				AND video_id = #{videoId}
			</if>
			<if test="personId !=null">
				AND person_id = #{personId}
			</if>
		</trim>
		) prr
		LEFT JOIN sys_video video
		ON video.id = prr.video_id
		LEFT JOIN sys_person person
		ON person.id = prr.person_id
		ORDER BY id ASC
	</select>
	<resultMap type="com.entgroup.adms.model.system.PersonRecognitionResult"
			   id="getPersonRecognitionResultListMap" extends="BaseResultMap">
		<association property="video"
					 javaType="com.entgroup.adms.model.system.Video">
			<id property="id" column="vid" />
			<result property="name" column="name" />
		</association>
		<association property="person"
					 javaType="com.entgroup.adms.model.system.Person">
			<id property="id" column="pid" />
			<result property="name" column="pname" />
		</association>
	</resultMap>
	<!-- edited by mxy on 2017-03-20 20:56 end -->
</mapper>
