<?xml version="1.0" encoding="UTF-8"?>
<beans xmlns="http://www.springframework.org/schema/beans"
	xmlns:xsi="http://www.w3.org/2001/XMLSchema-instance"
	xmlns:p="http://www.springframework.org/schema/p"
	xmlns:context="http://www.springframework.org/schema/context"
	xmlns:tx="http://www.springframework.org/schema/tx"
	xmlns:aop="http://www.springframework.org/schema/aop"
	xmlns:mvc="http://www.springframework.org/schema/mvc"
	xsi:schemaLocation="http://www.springframework.org/schema/mvc http://www.springframework.org/schema/mvc/spring-mvc-3.0.xsd
		http://www.springframework.org/schema/beans http://www.springframework.org/schema/beans/spring-beans-3.0.xsd
		http://www.springframework.org/schema/context http://www.springframework.org/schema/context/spring-context-3.0.xsd
		http://www.springframework.org/schema/aop http://www.springframework.org/schema/aop/spring-aop-3.0.xsd
		http://www.springframework.org/schema/tx http://www.springframework.org/schema/tx/spring-tx-3.0.xsd">

    <context:annotation-config/>
    <context:component-scan base-package="com.entgroup.adms.resource.handler"/>
    <context:component-scan base-package="com.entgroup.adms.schedule"/>
    <context:component-scan base-package="com.entgroup.adms.interceptor"/>

    <context:component-scan base-package="com.entgroup.adms.service"
                            name-generator="com.entgroup.adms.aop.ServiceNameGenerator"/>
    <import resource="classpath:spring-cache.xml"/>

    <aop:aspectj-autoproxy expose-proxy="true"/>
    <tx:annotation-driven transaction-manager="transactionManager"
                          proxy-target-class="true"/>
    <import resource="classpath:spring-mybatis-admin.xml"/>
    <import resource="classpath:spring-shiro.xml"/>
<!-- 	<import resource="classpath:spring-quartz.xml"/>  -->
</beans>


