<?xml version="1.0" encoding="UTF-8"?>
<beans xmlns="http://www.springframework.org/schema/beans"
       xmlns:xsi="http://www.w3.org/2001/XMLSchema-instance" xmlns:aop="http://www.springframework.org/schema/aop"
       xmlns:util="http://www.springframework.org/schema/util"
       xsi:schemaLocation="
          http://www.springframework.org/schema/beans http://www.springframework.org/schema/beans/spring-beans.xsd
          http://www.springframework.org/schema/aop http://www.springframework.org/schema/aop/spring-aop.xsd
          http://www.springframework.org/schema/util http://www.springframework.org/schema/util/spring-util.xsd">

    <description>Shiro安全配置</description>

    <!-- Shiro's main business-tier object for web-enabled applications -->
    <bean id="securityManager" class="org.apache.shiro.web.mgt.DefaultWebSecurityManager">
        <property name="realm" ref="shiroDbRealm"/>
        <property name="rememberMeManager" ref="rememberMeManager"/>
        <property name="cacheManager" ref="shiroEhcacheManager"/>
    </bean>
    <bean id="shiroDbRealm" class="com.entgroup.adms.service.ShiroDbRealm">
        <property name="userService" ref="userService"/>
        <!-- 缓存用户登录信息, 缓存后用户在不点退出的情况下再次登录直接使用缓存中数据 注意修改密码后要自动退出用户, 否则用户直接关闭浏览器下次使用缓存数据将无法登录! -->
        <!-- 开启缓存,避免频繁数据库权限鉴权 -->
        <property name="authenticationCachingEnabled" value="true"/>
        <property name="authorizationCachingEnabled" value="true"/>
    </bean>

    <bean id="logoutFilter" class="org.apache.shiro.web.filter.authc.LogoutFilter">
        <property name="redirectUrl" value="/login"/>
    </bean>

    <!-- Shiro Filter -->
    <bean id="shiroFilter" class="org.apache.shiro.spring.web.ShiroFilterFactoryBean">
        <property name="securityManager" ref="securityManager"/>
        <property name="loginUrl" value="/login"/>
        <property name="successUrl" value="/home"/>
        <property name="filters">
            <util:map>
                <entry key="logout" value-ref="logoutFilter"/>
            </util:map>
        </property>
        <property name="filterChainDefinitions">
            <value>
                /logout = logout 
                /favicon.ico = anon
                /resources/** = anon
                /WEB-INF/view/error/* = anon
                / = anon
                /portal/** = anon
                /sdk/** = anon
                /news/** = anon
                /help/** = anon
                /contact/** = anon
                /about/** = anon
                /clientRequest = anon
                /api/** = anon
                /** = authc 
            </value>
        </property>
    </bean>

    <!-- 用户授权信息Cache, 采用EhCache -->
    <bean id="shiroEhcacheManager" class="org.apache.shiro.cache.ehcache.EhCacheManager">
        <property name="cacheManagerConfigFile" value="classpath:ehcache-shiro.xml"/>
    </bean>

    <!-- rememberMe-->
    <bean id="rememberMeCookie" class="org.apache.shiro.web.servlet.SimpleCookie">
        <constructor-arg value="rememberMe"/>
        <property name="httpOnly" value="true"/>
        <property name="maxAge" value="2592000"/>
        <!-- 30天-->
    </bean>
    <bean id="rememberMeManager"
          class="org.apache.shiro.web.mgt.CookieRememberMeManager">
        <property name="cookie" ref="rememberMeCookie"/>
    </bean>

    <bean class="org.springframework.web.servlet.handler.SimpleMappingExceptionResolver">
        <property name="exceptionMappings">
            <props>
                <prop key="org.apache.shiro.authz.UnauthorizedException">/error/403.jsp</prop>
            </props>
        </property>
    </bean>
    <!-- 保证实现了Shiro内部lifecycle函数的bean执行 -->
    <bean id="lifecycleBeanPostProcessor" class="org.apache.shiro.spring.LifecycleBeanPostProcessor"/>

    <!-- 相当于调用SecurityUtils.setSecurityManager(securityManager) -->
    <bean
            class="org.springframework.beans.factory.config.MethodInvokingFactoryBean">
        <property name="staticMethod"
                  value="org.apache.shiro.SecurityUtils.setSecurityManager"/>
        <property name="arguments" ref="securityManager"/>
    </bean>
    <bean
            class="org.springframework.aop.framework.autoproxy.DefaultAdvisorAutoProxyCreator"
            depends-on="lifecycleBeanPostProcessor">
        <property name="proxyTargetClass" value="true"/>
    </bean>
    <bean
            class="org.apache.shiro.spring.security.interceptor.AuthorizationAttributeSourceAdvisor">
        <property name="securityManager" ref="securityManager"/>
    </bean>

</beans>
