<?xml version="1.0" encoding="UTF-8"?>
<!DOCTYPE configuration>
<configuration>
    <contextName>entgroup</contextName>
    <conversionRule conversionWord="clr" converterClass="org.springframework.boot.logging.logback.ColorConverter"/>
    <conversionRule conversionWord="wex"
                    converterClass="org.springframework.boot.logging.logback.WhitespaceThrowableProxyConverter"/>
    <conversionRule conversionWord="wEx"
                    converterClass="org.springframework.boot.logging.logback.ExtendedWhitespaceThrowableProxyConverter"/>

    <property name="CONSOLE_LOG_PATTERN"
              value="%d{yyyy-MM-dd HH:mm:ss.SSS} [%thread] %-5level %logger{50} - %msg%n"/>
    <property name="FILE_LOG_PATTERN"
              value="%d{yyyy-MM-dd HH:mm:ss.SSS} [%thread] %-5level %logger{50} - %msg%n"/>

    <appender name="STDOUT" class="ch.qos.logback.core.ConsoleAppender">
        <encoder>
            <pattern>${CONSOLE_LOG_PATTERN}</pattern>
            <charset>GBK</charset>
        </encoder>
    </appender>

    <appender name="logfile_error" class="ch.qos.logback.core.rolling.RollingFileAppender">
        <filter class="ch.qos.logback.classic.filter.LevelFilter">
            <level>ERROR</level>
            <onMatch>ACCEPT</onMatch>
            <onMismatch>DENY</onMismatch>
        </filter>
        <Prudent>true</Prudent>
        <rollingPolicy class="ch.qos.logback.core.rolling.TimeBasedRollingPolicy">
            <FileNamePattern>
                ../logs/${CONTEXT_NAME}/error/${HOSTNAME}.${CONTEXT_NAME}.%d{yyyy-MM-dd-HH}.error.log
            </FileNamePattern>
        </rollingPolicy>
        <encoder>
            <pattern>${FILE_LOG_PATTERN}</pattern>
        </encoder>
    </appender>
    <appender name="logfile_info" class="ch.qos.logback.core.rolling.RollingFileAppender">
        <filter class="ch.qos.logback.classic.filter.LevelFilter">
            <level>INFO</level>
            <onMatch>ACCEPT</onMatch>
            <onMismatch>DENY</onMismatch>
        </filter>
        <Prudent>true</Prudent>
        <rollingPolicy class="ch.qos.logback.core.rolling.TimeBasedRollingPolicy">
            <FileNamePattern>
                ../logs/${CONTEXT_NAME}/info/${HOSTNAME}.${CONTEXT_NAME}.%d{yyyy-MM-dd-HH}.info.log
            </FileNamePattern>
        </rollingPolicy>
        <encoder>
            <pattern>${FILE_LOG_PATTERN}</pattern>
        </encoder>
    </appender>

    <appender name="logfile_debug" class="ch.qos.logback.core.rolling.RollingFileAppender">
        <filter class="ch.qos.logback.classic.filter.ThresholdFilter">
            <level>DEBUG</level>
        </filter>
        <Prudent>true</Prudent>
        <rollingPolicy class="ch.qos.logback.core.rolling.TimeBasedRollingPolicy">
            <FileNamePattern>
                ../logs/${CONTEXT_NAME}/debug/${HOSTNAME}.${CONTEXT_NAME}.%d{yyyy-MM-dd-HH}.debug.log
            </FileNamePattern>
        </rollingPolicy>
        <encoder>
            <pattern>${FILE_LOG_PATTERN}</pattern>
        </encoder>
    </appender>

    <logger name="root" level="DEBUG" additivity="false">
        <appender-ref ref="STDOUT"/>
        <appender-ref ref="logfile_debug"/>
    </logger>
    <logger name="com.entgroup" level="DEBUG" additivity="false">
        <appender-ref ref="STDOUT"/>
        <appender-ref ref="logfile_debug" />
        <appender-ref ref="logfile_info"/>
        <appender-ref ref="logfile_error"/>
    </logger>
    <logger name="org.apache.ibatis" level="DEBUG" additivity="false">
        <appender-ref ref="STDOUT"/>
        <appender-ref ref="logfile_debug" />
        <appender-ref ref="logfile_info"/>
        <appender-ref ref="logfile_error"/>
    </logger>
    <logger name="org.springframework" level="DEBUG" additivity="false">
        <appender-ref ref="STDOUT"/>
        <appender-ref ref="logfile_debug" />
        <appender-ref ref="logfile_info"/>
        <appender-ref ref="logfile_error"/>
    </logger>
</configuration>