<?xml version="1.0" encoding="UTF-8"?>
<beans xmlns="http://www.springframework.org/schema/beans"
       xmlns:xsi="http://www.w3.org/2001/XMLSchema-instance"
       xmlns:tx="http://www.springframework.org/schema/tx"
       xmlns:context="http://www.springframework.org/schema/context"
       xmlns:aop="http://www.springframework.org/schema/aop"
       xsi:schemaLocation="http://www.springframework.org/schema/beans
       http://www.springframework.org/schema/beans/spring-beans.xsd
       http://www.springframework.org/schema/tx
       http://www.springframework.org/schema/tx/spring-tx.xsd
       http://www.springframework.org/schema/context
       http://www.springframework.org/schema/context/spring-context-3.0.xsd
       http://www.springframework.org/schema/aop
       http://www.springframework.org/schema/aop/spring-aop.xsd">


    <context:property-placeholder ignore-unresolvable="true" order="1" location="classpath:config.properties"/>
    <!-- 配置数据源 -->
    <bean id="dataSource" class="com.alibaba.druid.pool.DruidDataSource"
          init-method="init" destroy-method="close">
        <!-- 基本属性 url、user、password -->
        <property name="url" value="${jdbc.url}"/>
        <property name="username" value="${jdbc.username}"/>
        <property name="password" value="${jdbc.password}"/>
        <property name="driverClassName" value="${jdbc.driverClassName}"/>

        <!-- 配置初始化大小、最小、最大 -->
        <property name="initialSize" value="${druid.initialSize}"/>
        <property name="minIdle" value="${druid.minIdle}"/>
        <property name="maxActive" value="${druid.maxActive}"/>

        <!-- 配置获取连接等待超时的时间 -->
        <property name="maxWait" value="${druid.maxWait}"/>
        <!-- 配置间隔多久才进行一次检测，检测需要关闭的空闲连接，单位是毫秒 -->
        <property name="timeBetweenEvictionRunsMillis" value="${druid.timeBetweenEvictionRunsMillis}"/>

        <!-- 配置一个连接在池中最小生存的时间，单位是毫秒 -->
        <property name="minEvictableIdleTimeMillis" value="${druid.minEvictableIdleTimeMillis}"/>

        <property name="validationQuery" value="${druid.validationQuery}"/>
        <property name="testWhileIdle" value="${druid.testWhileIdle}"/>
        <property name="testOnBorrow" value="${druid.testOnBorrow}"/>
        <property name="testOnReturn" value="${druid.testOnReturn}"/>

        <!-- 配置监控统计拦截的filters -->
        <property name="filters" value="${druid.filters}"/>
    </bean>

    <bean id="sqlSessionFactory" class="com.baomidou.mybatisplus.spring.MybatisSqlSessionFactoryBean">
        <property name="dataSource" ref="dataSource"/>
        <property name="mapperLocations" value="classpath:com/entgroup/adms/mapping/*.xml"/>
        <property name="typeAliasesPackage" value="com.entgroup.adms.model.*"/>
        <property name="plugins">
            <array>
                <bean id="paginationInterceptor" class="com.baomidou.mybatisplus.plugins.PaginationInterceptor">
                    <property name="dialectType" value="mysql"/>
                </bean>
                <!-- SQL 执行性能分析，开发环境使用,上线时必须取消 -->
                <bean id="performanceInterceptor" class="com.entgroup.adms.interceptor.SqlPerformanceInterceptor">
                    <property name="maxTime" value="1000"/>
                    <!--<property name="format" value="true"/>-->
                </bean>
            </array>
        </property>
        <property name="globalConfig" ref="globalConfig"/>
    </bean>
    <bean id="globalConfig" class="com.baomidou.mybatisplus.entity.GlobalConfiguration">
        <property name="idType" value="0"/>
        <!--数据库自增,否则无法自动填充id -->
    </bean>

    <!-- MyBatis 动态扫描  -->
    <bean class="org.mybatis.spring.mapper.MapperScannerConfigurer">
        <property name="basePackage" value="com.entgroup.adms.mapper"/>
    </bean>

    <!-- 配置事务管理 -->
    <bean name="transactionManager" class="org.springframework.jdbc.datasource.DataSourceTransactionManager">
        <property name="dataSource" ref="dataSource"/>
    </bean>

    <!-- 事务管理 属性 -->
    <tx:advice id="transactionAdvice" transaction-manager="transactionManager">
        <tx:attributes>
            <tx:method name="add*" propagation="REQUIRED"/>
            <tx:method name="save*" propagation="REQUIRED"/>
            <tx:method name="update*" propagation="REQUIRED"/>
            <tx:method name="insert*" propagation="REQUIRED"/>
            <tx:method name="delete*" propagation="REQUIRED"/>

            <tx:method name="get*" propagation="REQUIRED" read-only="true"/>
            <tx:method name="find*" propagation="REQUIRED" read-only="true"/>
            <tx:method name="select*" propagation="REQUIRED" read-only="true"/>
            <tx:method name="*" propagation="SUPPORTS" read-only="true"/>
        </tx:attributes>
    </tx:advice>

    <!-- 配置切面 -->
    <aop:config>
        <aop:pointcut id="transactionPointcut" expression="execution(* com.entgroup.adms.service..*.*(..))"/>
        <aop:advisor pointcut-ref="transactionPointcut" advice-ref="transactionAdvice"/>
    </aop:config>

</beans>